ChA	3.3	
ChB	3.3	
vp1	3.2286634	
vp2	3.2286634	
